CODIGO,ALTERNO,NOMBRE,INVENTARIO
30783786611097,ATL35012,ZAPATA PONCHABLE BIMETALICA CAL 350 OJILLO DE 1/2,7
30783786611110,ATL402,Terminales a compresión 14 AWG a 1000 kcmil,295
30783786611189,ATL2502,Terminales a compresión 14 AWG a 1000 kcmil,53
30783786611196,ATL3002,"Terminal bimetálico barril largo,2 barrenos de 1/2, cal.300",61
30783786611219,ATL4002,"Terminal bimetálico barril largo, 2 barrenos de 1/2, cal.400",50
3245060376710,37671,"TERMINAL FERRUL NEGRO STARFIX CAL. 4, 25MM",24
3245060376772,37677,TERMINAL FERRUL COLOR ROJA CAL 2 LEGRAND STARFIX,806
33634,TCD800:5,TRANSFORMADOR DE CORRIENTE TIPO DONA MOD TCD11-800SO,3
33635,TCD1600:5,TRANSFORMADOR DE CORRIENTE TIPO DONA MOD TCD12-1600SO,3
3414971341906,31820,COLLARIN 10CM X 2.5 BCO LEGRAND,900
34520,JFD40:5,TRANSFORMADOR DE CORRIENTE TIPO DONA MOD. JFD 40:5,5
3471521230042,GHE3211102R0004,"ESB 20-20, 127 VCA",75
3471521230363,GHE3211102R3006,ESB20-20 220V 60Hz / 190V 50Hz,20
3471522010841,1SBH141001R8422,Obsoleto N22E 110V 50HZ/110,71
3471522032294,1SBL141201R2900,A9-40-00 140V 60HZ  obsoleto,4
3471522041807,1SBL161001R8001,A12-30-01 230-240V 6  obsoleto,2
3471522062802,1SBL241001R8010,A26-30-10 230-240V 6  obsoleto,12
3471522074867,1SBL281022R8610,UA30-30-10 400-415V 50Hz / 415-440V 60Hz,1
3471522081261,1SBL351001R2600,CONTACTOR TRIPOLAR A50-30-00 110V  obsoleto,1
3471522097569,1SBL411022R5600,UA75-30-00 550V 50Hz,3
3471522116833,1SBN151410R8306,Obsoleto ZA16 48V 60HZ BOBINA,5
3471522117861,1SBN152410R8606,Obsoleto ZA40 415-440V 60HZ B,22
3471522199324,1SBN081406R1000,BEA16/116,274
3471522199379,1SBN083206R1000,BEA40/450,18
3471522199393,1SBN084106R1000,BEA75/495,28
3471522199409,1SBN084506R1000,BEA110/495,35
3471522255303,1SBL411730R8011,DA75-20-11 220-230V50Hz / 230-240V60Hz,2
3471522282811,1SBL243001R8101,AL26-30-01 24V DC   obsoleto,3
3471522294814,1SBH143001R8140,Obsoleto CONTACTOR NL40E 24V,30
3471522302809,1SBL281024R8010,UA30-30-10RA 220-230V 50Hz / 230-240V 60Hz,29
3471522303844,1SBL351024R8400,UA50-30-00RA 110V 50Hz / 110-120V 60Hz,17
3471522640932,1SBV015951R3201,LS20P51B11-P01,5
3471523001169,1SBH101001R1631,NS31E-16 120V 60HZ,80
3471523101739,1SBH136001R2322,NFZ22E-23 100-250V50/60HZ-DC Contactor Relay,38
3471523101814,1SBH136001R2131,NFZ31E-21 24-60V50/60HZ 20-60VDC Contactor Relay,1
3471523110038,1SBL137001R1310,AF09-30-10-13 100-250V50/60HZ-DC Contactor,2
3471523113213,1SBL136001R2110,AF09Z-30-10-21 24-60V50/60HZ 20-60VDC Contactor,143
3471523130043,1SBN010120R1011,CAL4-11 Auxiliary Contact Block,54
3471523130739,1SBN081306T1000,BEA16-4 Connecting Link with Manual Motor Starter,1200
3471523130746,1SBN082306T1000,BEA26-4 Connecting Link with Manual Motor Starter,96
3472591151664,1SNA115166R1100,M4/6.D1 Screw Clamp Terminal Blocks - Double deck - Grey,5
3472591165913,1SNA116591R0500,FEMS6D tapa final Grey,56
3472591500004,1SNK150000R0000,MC612 ETIQUETAS,628
3472591990928,1SNA199092R1000,D2.5/8.ADO,199
3472591991871,1SNA199187R1400,D2.5/8.SFLT.ADO2 IDC Terminal Blocks,91
3472591994179,1SNA199417R1200,FED2AD1 tapa final Grey,9
3472591998795,1SNA199879R0100,FEM4AP End Section - Green,10
3472592350936,1SNA235093R1400,WMTT12 Wire Markers,96
3472592902319,1SNA290231R0600,DS2.5/10.4L mini-clema Resorte - Grey,1956
3472592902937,1SNA290293R0500,D10/10.N.2L Spring Terminal Blocks,125
3472592902999,1SNA290299R1300,D10/10.P.2L Spring Terminal Blocks,76
3472592913018,1SNA291301R0200,FED1.L tapa final Grey,10
3472593562086,1SNA356208R2500,BRU80AL BLOQUE DISTRIBUCION 1polo 80A/1000Vca/1500Vcd,85
3472594007319,1SNA400731R0200,DL16/17.5.SFL.CC.1 Screw Clamp Terminal Blocks,208
3605340358216,M320079C,NH000UD50V315PV,2
4001869056401,3NA3260,FUSIBLE SIEMENS TAMAÑO 02 PARA 400AMP,9
4001869056623,3NA3372,FUSIBLE SIEMENS TAMAÑO 03 PARA 630AMP,9
4012233634804,GHS2810164R0277,S281-UC K2A,24
4012233745,GHV0360875R0042,SZ-KS18/56N,104
4013614214332,GHE3491302R0006,ESB40-22-230AC/DC Inst.-contactor 2NO2NC,3
4013614216596,1SAZ211201R1040,Obsoleto RELEV TERMI DE SOBRE TA25DU 6.0-8.5A,4
4013614216626,1SAZ211201R1047,Obsoleto RELEV TERMI DE SOBRECA TA25DU 13-19A,10
4013614216633,1SAZ211201R1051,Obsoleto RELEV TERMI DE SOBRECA TA25DU 18-25A,14
4013614216640,1SAZ211201R1053,Obsoleto RELEV TERMI DE SOBRECA TA25DU 24-32A,4
4013614216718,1SAZ321201R1003,Obsoleto RELEV TERMI DE SOBRECA TA75DU 29-42A,10
4013614216732,1SAZ321201R1005,Obsoleto RELEV TERMI DE SOBRECA TA75DU 45-63A,6
4013614216749,1SAZ321201R1006,Obsoleto RELEV TERMI DE SOBRECA TA75DU 60-80A,7
4013614286032,1SAZ421201R1003,TA200DU-135 Thermal Overload Relay,2
4013614286049,1SAZ421201R1004,TA200DU-150 Thermal Overload Relay,1
4013614286087,1SAZ511201R1003,TA450DU-310 Thermal Overload Relay,4
4013614286094,1SAZ511201R1002,TA450DU-235 Thermal Overload Relay,2
4013614320248,1SAM250000R1001,MS116-0.16 Manual Motor Starter,5
4013614320255,1SAM250000R1002,MS116-0.25 Manual Motor Starter,5
4013614320262,1SAM250000R1003,MS116-0.4 Manual Motor Starter,6
4013614320279,1SAM250000R1004,MS116-0.63 Manual Motor Starter,5
4013614320286,1SAM250000R1005,MS116-1.0 Manual Motor Starter,11
4013614320293,1SAM250000R1006,MS116-1.6 Manual Motor Starter,44
4013614320309,1SAM250000R1007,MS116-2.5 Manual Motor Starter,51
4013614320330,1SAM250000R1010,MS116-10 Manual Motor Starter,6
4013614372919,1SVR405600R1000,CR-P024DC1 Relevador PCB Alimentación 24 Vcd,8
4013614373039,1SVR405601R7000,CR-P110AC2 Relevador PCB Alimentación 110 Vca,1
4013614373084,1SVR405650R1000,CR-PSS base standar p/relé for 1c/o or 2c/o CR-P relays,12
4013614373268,1SVR405611R7100,CR-M110AC2L Relevador interface 2c/o bobina 110Vca output12A,67
4013614373282,1SVR405611R2100,CR-M120AC2L Relevador interface 2c/o bobina 120Vca output12A,31
4013614373466,1SVR405612R2100,CR-M120AC3L Relevador interface 3c/o bobina 120Vca output10A,9
4013614373527,1SVR405613R6000,"CR-M048DC4 Relevador interface 4c/o, bobina 48Vcd, output 6A",1
4013614373534,1SVR405613R7000,CR-M110AC4 Relevador encapsulado Mini Alimentación 110 Vca,72
4013614373589,1SVR405613R0100,"CR-M024AC4L Relevador encapsulado Mini, Alimentación 24Vca",1
4013614373763,1SVR405651R2100,CR-M3LS base p/accs  p/relé for 3c/o CR-M relay,41
4013614373800,1SVR405651R3000,CR-M4SS base standar p/relé for 2c/o or 4c/o CR-M relay,31
4013614374159,1SVR405621R2100,"CR-U120AC2L Relevador interface 2c/o, bobina 120Vca",4
4013614376603,1SAZ211401R1051,Obsoleto TA25DU-25-20 THERM,3
4013614385292,1SVR405612R8200,CR-M125DC3 Relevador interface 3c/o bobina 125Vcd output 10A,212
4013614385315,1SVR405613R8200,"CR-M125DC4 Relevador interface 4c/o, bobina 125Vcd, output6A",23
4013614390210,1SVR440899R7000,CL-LAD.MD004  Módulo de memoria 32 kb para relevador lógico,2
4013614398056,1SAZ721201R1025,TF42-1.3 Thermal Overload Relay,12
4013614398070,1SAZ721201R1031,TF42-2.3 Thermal Overload Relay,7
4013614398131,1SAZ721201R1045,TF42-13 Thermal Overload Relay,2
4013614398155,1SAZ721201R1051,TF42-24 Thermal Overload Relay,2
4013614403972,1SAX221001R1102,EF45-45 Electronic Overload Relay,3
4013614404016,1SAX121001R1104,EF19-6.3 Electronic Overload Relay,22
4013614404023,1SAX121001R1105,EF19-18.9 Electronic Overload Relay,5
4013614409813,1SAM101923R0002,MSMN Driver w. screw,211
4013614410970,GJH1213001R0401,KC6-40E-01 Mini Contactor Relay,1
4013614420252,GHE3261101R0006,"EN 24-40, 230 VCA/CD",65
4013614420320,GHE3291102R0004,"ESB 24-40, 120 VCA/CD",34
4013614420535,GHE3291202R0006,ESB24-04-230AC/DC Inst.-contactor 4NC,1280
4013614420627,GHE3291302R0004,"ESB24-22, 110-120 VCA/CD",15
4013614420917,GHE3401321R0001,EH04-20,90
4013614420962,GHE3421101R0004,"EN 40-40, 110 VCA/CD",17
4013614421082,GHE3491102R0004,"ESB 40-40, 120 VCA/CD",83
4013614421310,GHE3691102R0004,"ESB 63-40, 120 VCA/CD",5
4013614421464,GHE3691402R0006,ESB63-20-230AC/DC Inst.-contactor 2NO,168
4013614421624,1SAM201911R1011,"IB132-Y Enclosure, RD/YE, IP65",10
4013614421655,1SAM201912R1011,"DMS132-Y Door Mounting Kit, RD/YE, IP65",34
4013614433023,2CDS272061R0204,S202M-C20UC,20
4013614446825,1SAZ431201R1002,TF140DU-110 Thermal Overload Relay,2
4013614481499,1SAM201903R1001,SK1-11 Signal Contact,5
4013614482939,1SAZ811201R1003,TF65-40 Thermal Overload Relay,4
4013614482977,1SAZ811201R1007,TF65-67 Thermal Overload Relay,2
4013614498701,1SVR405622R7000,CR-U110AC3 Relevador Universal Alimentación 110 Vca,10
4016779225304,GHS2820164R0044,S282UCC4,10
4016779463508,2CDL231001R1009,PS3/9,3
4016779463607,2CDL231001R1012,PS3/12,55
4016779464406,2CDS251001R0164,"S201-C16, 480VCA, 6kA",2230
4016779464505,2CDS251001R0204,"S201-C20, 480VCA, 6kA",282
4016779464604,2CDS251001R0254,"S201-C25, 480VCA, 6kA",11
4016779464703,2CDS251001R0324,"S201-C32, 480VCA, 6kA",35
4016779464802,2CDS251001R0404,"S201-C40, 480VCA, 6kA",27
4016779466004,2CDS252001R0204,"S202-C20 480VCA, 6KA",1
4016779467209,2CDS252001R0325,S202-B32,5
4016779468008,2CDS253001R0164,"S203-C16, 480VCA, 6kA",51
4016779468107,2CDS253001R0204,"S203-C20, 480VCA, 6kA",25
4016779468206,2CDS253001R0254,"S203-C25, 480VCA, 6kA",33
4016779468305,2CDS253001R0324,"S203-C32, 480VCA, 6kA",19
4016779496162,2CDS253001R0537,"S203-K32, 480VCA, 6kA",1
4016779507226,2CDS251001R0277,"S201-K2, 480VCA, 6kA",6
4016779507394,2CDS252001R0427,"S202-K10, 480VCA, 6kA",3
4016779507523,2CDS253001R0377,"S203-K6, 480VCA, 6kA",1
4016779507561,2CDS253001R0517,"S203-K25, 480VCA, 6kA",28
4016779514668,2CDL210001R1060,PS1/60,89
4016779514729,2CDL200001R0001,"Tapas Finales, Tipo PS-END",395
4016779523295,2CDS251001R0984,"S201-C0.5, 480VCA, 6kA",574
4016779523301,2CDS251001R0974,"S201-C1.6, 480VCA, 6kA",17
4016779523318,2CDS251001R0014,"S201-C1, 480VCA, 6kA",22
4016779523325,2CDS251001R0024,"S201-C2, 480VCA, 6kA",35
4016779523349,2CDS251001R0044,"S201-C4, 480VCA, 6kA",2
4016779523363,2CDS252001R0014,"S202-C1, 480VCA, 6kA",65
4016779523387,2CDS252001R0024,"S202-C2, 480VCA, 6kA",32
4016779529174,2CDS254001R0064,"S204-C6, 480VCA, 6kA",6
4016779529259,2CDS254001R0404,S204-C40,3
4016779529365,2CDS254001R0467,S204-K16,1
4016779530330,2CDS251001R0218,S201-Z1,56
4016779530347,2CDS251001R0258,"S201-Z1,6",7
4016779530354,2CDS251001R0278,"S201-Z2, 480VCA, 6kA",6
4016779530378,2CDS251001R0338,"S201-Z4, 480VCA, 6kA",20
4016779530408,2CDS251001R0378,S201-Z6,19
4016779530422,2CDS251001R0428,"S201-Z10, 480VCA, 6kA",70
4016779530453,2CDS251001R0518,S201-Z25,4
4016779530460,2CDS251001R0538,S201-Z32,33
4016779530767,2CDS252001R0468,"S202-Z16, 480VCA, 6kA",34
4016779530774,2CDS252001R0488,"S202-Z20, 480VCA, 6kA",68
4016779530781,2CDS252001R0518,"S202-Z25, 480VCA, 6kA",105
4016779530798,2CDS252001R0538,S202-Z32,67
4016779531061,2CDS253001R0468,S203-Z16,19
4016779531078,2CDS253001R0488,S203-Z20,10
4016779531108,2CDS253001R0558,S203-Z40,1
4016779531757,2CDS251103R0104,"S201-C10NA, 480VCA, 6kA",113
4016779531771,2CDS251103R0164,"S201-C16NA, 480VCA, 6kA",263
4016779531788,2CDS251103R0204,"S201-C20NA, 480VCA, 6kA",1
4016779531801,2CDS251103R0324,"S201-C32NA, 480VCA, 6kA",83
4016779531818,2CDS251103R0404,S201-C40NA,18
4016779531863,2CDS251103R0317,S201-K3NA,363
4016779543934,2CDS271001R0504,S201M-C50,20
4016779543941,2CDS271001R0634,S201M-C63,20
4016779543989,2CDS272001R0634,S202M-C63,20
4016779543996,2CDS273001R0504,S203M-C50,5
4016779549431,2CDS271001R0105,S201M-B10,19
4016779549981,2CDS271001R0104,S201M-C10,8
4016779550000,2CDS271001R0164,S201M-C16,70
4016779550031,2CDS271001R0324,S201M-C32,40
4016779550048,2CDS271001R0404,S201M-C40,30
4016779550154,2CDS271103R0164,S201M-C16NA,40
4016779550253,2CDS272001R0044,S202M-C4,684
4016779550307,2CDS272001R0164,S202M-C16,75
4016779550314,2CDS272001R0204,S202M-C20,99
4016779550321,2CDS272001R0254,S202M-C25,20
4016779550338,2CDS272001R0324,S202M-C32,35
4016779550345,2CDS272001R0404,S202M-C40,20
4016779550406,2CDS273001R0044,S203M-C4,1
4016779550451,2CDS273001R0164,S203M-C16,10
4016779551045,2CDS252001R0504,"S202-C50, 480VCA, 6kA",20
4016779551052,2CDS252001R0634,"S202-C63, 480VCA, 6kA",20
4016779551069,2CDS253001R0504,"S203-C50, 480VCA, 6kA",4
4016779551175,2CDS252001R0607,"S202-K63, 480VCA, 6kA",30
4016779551199,2CDS253001R0607,"S203-K63, 480VCA, 6kA",1
4016779551953,2CDS253001R0578,"S203-Z50, 480VCA, 6kA",1
4016779590273,2CDS281001R0164,S201P-C16,10
4016779590297,2CDS281001R0254,S201P-C25,9
4016779590440,2CDS282001R0164,S202P-C16,26
4016779590457,2CDS282001R0204,S202P-C20,30
4016779590464,2CDS282001R0254,S202P-C25,34
4016779590471,2CDS282001R0324,S202P-C32,13
4016779590488,2CDS282001R0404,S202P-C40,20
4016779590495,2CDS282001R0504,S202P-C50,20
4016779590501,2CDS282001R0634,S202P-C63,20
4016779590594,2CDS283001R0104,S203P-C10,4
4016779590662,2CDS283001R0504,S203P-C50,19
4016779590761,2CDS284001R0104,S204P-C10,8
4016779590952,2CDS281103R0164,S201P-C16NA,30
4016779590983,2CDS281103R0324,S201P-C32NA,15
4016779596107,2CDS282001R0024,S202P-C2,14
4016779597111,2CDS283001R0164,S203P-C16,4
4016779597616,2CDS283001R0634,S203P-C63,36
4016779599573,2CDS271001R0337,S201M-K4,20
4016779599597,2CDS271001R0377,S201M-K6,19
4016779600187,2CDS271103R0467,S201M-K16NA,20
4016779600712,2CDS272001R0467,S202M-K16,20
4016779600736,2CDS272001R0487,S202M-K20,10
4016779605793,2CDS272001R0504,S202M-C50,22
4016779605984,2CDS273001R0204,S203M-C20,2
4016779606028,2CDS273001R0324,S203M-C32,9
4016779606042,2CDS273001R0404,S203M-C40,4
4016779606080,2CDS273001R0634,S203M-C63,6
4016779608985,2CDS253001R0014,"S203-C1, 480VCA, 6kA",30
4016779609043,2CDS253001R0044,"S203-C4, 480VCA, 6kA",1
4016779609388,2CDS253001R0337,"S203-K4, 480VCA, 6kA",12
4016779609432,2CDS253001R0404,"S203-C40, 480VCA, 6kA",8
4016779609524,2CDS253001R0487,"S203-K20, 480VCA, 6kA",5
4016779609685,2CDS253001R0634,"S203-C63, 480VCA, 6kA",8
4016779610735,2CDS254001R0164,"S204-C16, 480VCA, 6kA",17
4016779616256,S203UPK15,S200UP 10KA 3P,144
4016779619318,S201UK5,S200U 10KA 1P,20
4016779619387,S201UK20,MCB. S200U. 10KA. 1P CAT.  S201UK20 ABB,131
4016779619882,S203UK30,S200U 10KA 3P,3
4016779631945,2CDS231001R0104,"SH201T-C10, 440VCA, 3kA",10
4016779632041,2CDS231001R0324,"SH201T-C32, 440VCA, 3kA",7
4016779645119,2CDS251001R0357,"S201-K5, 480VCA, 6kA",136
4016779645133,2CDS251001R0457,S201-K15,5
4016779645164,2CDS252001R0457,S202-K15,8
4016779645317,2CDS253001R0357,S203-K5,2
4016779662376,1SVR427056R0000,CP-T 24/20 Fuente de poder Trifasica 350-500Vca/24Vcd20A480W,4
4016779764988,1SAZ721201R1052,TF42-29 Thermal Overload Relay,1
4016779825191,2CDS272517R0337,S202UDC-K4,5
4016779878678,1SAP120600R0001,PLC PM554-TP 128 8 / 6 /  /  Transistor - 24 VDC,2
4016779916424,2CDS254001R0804,S204-C80,1
4016779916684,2CDS252001R0824,S202-C100,4
4016779917704,2CDS253001R0804,S203-C80,3
4016779917728,2CDS253001R0824,S203-C100,7
4016779917889,2CDS254001R0824,S204-C100,3
4034656520625,ONU2PB,ONU2PB - 1SCA022532R7400,13
4034656521615,OMSO52PB,OMSO52PB - 1SCA022533R3980,2
4034656522469,1SCA022404R4740,EL-MCV-4,2
5027590252294,170M1568,fusible ultra rapido bussman,12
50783786693851,AL750NTN,ZAPATA PONCHABLE  HOMAC CU/AL CAL 750 MCM 2 OJILLOS CAT.AL75,82
5350035416679,RGS1A23A25KKE,RELEVADOR DE ESTADO SOLIDO 25A,12
5410779172207,2GCA291722A0050,CONTROLADOR RVT2-12 EP PARA BANCO DE CAPACITORES,14
5414363110859,7TAH007510R0016,COPLE PONCHABLE CAL.500KCM,54
6221115048396,1SKA148000C1001,Protecta kit mini-interruptor,118
6221115487249,1SKA141568C3001,Protecta Kit XT1,7
6417019019987,OT160E3,OT160E3,11
6417019123424,OTS125T3,"CubreBornes transparente para OTM-Mini, 3 polos, hasta 125A",5
6417019124117,OHB65J6,Manija Pistol 65mm ON-OFF negra/roja para OT40...125F,2
6417019124230,OHB95J12,Manija Pistol 95mm negra/roja,5
6417019124872,OHB65J6E011,Manija Pistol 65mm 1-0-2 negra/roja para OT16...125F3C,1
6417019131221,OTP63BA3M,"63 Amps, Seccionador en Gabinete Plástico OTP, IP65",76
6417019148847,OHG45H9K,Manija Gris,1
6417019148854,OHG65H9K,Manija Gris,1
6417019160702,OS60J12,SECCIONADOR FUSIBLE,14
6417019183220,OTR45B3M,"Seccionador en Gabinete Acero Inoxidable. 45A, max 500V",1
6417019205786,OFAF1H100,"Fusible 100A Tamaño Din 1 Tipo gG/500V, 120kA",2
6417019206004,OFAF2H300,"Fusible 300A Tamaño Din 2 Tipo gG/500V, 120kA",6
6417019206011,OFAF2H315,"Fusible 315A Tamaño Din 2 Tipo gG/500V, 120kA",10
6417019206127,OFAF3H355,"Fusible 355A Tamaño Din 3 Tipo gG/500V, 120kA",2
6417019206165,OFAF3H500,"Fusible 500A Tamaño Din 3 Tipo gG/500V, 120kA",1
6417019213231,OFAA000GG40,"Fusible 40A Tamaño Din 000* Tipo gG/690V, 120kA",2
6417019223773,OFAA00GG80,"Fusible 80A Tamaño Din 00* Tipo gG/690V, 120kA",88
6417019225920,OT200U03P,OT200U03P - 1SCA022709R9920,1
6417019282558,1SCA022824R0230,EOT100U3M3-P ENCLOSED DISCONNECT SWITCH,5
6417019283548,OS630D12P,OS630D12P - 1SCA022825R3810,2
6417019296623,OTM250E3CM24D,OTM250E3CM24D MOTORIZED C/O SWITCH,2
6417019389554,OT16F3,OT16F3 - 1SCA104811R1001,6
6417019390000,OT25F3,OT25F3 - 1SCA104857R1001,24
6417019390451,OT40F3,OT40F3 - 1SCA104902R1001,5
6417019391359,OT100F3,OT100F3 - 1SCA105004R1001,24
6417019391908,OT125FT3,OT125FT3 - 1SCA105060R1001,6
6417019391984,OT30F3,OT30F3 - 1SCA105068R1001,1
6417019397016,OT80F3,OT80F3 - 1SCA105798R1001,5
6417019411668,OHBS2RJ,Manija Selector IP65 para OT16FT&125FT Negro/rojo,28
6417019411682,OHBS3AH,Manija Selector IP54 para OT16&125F,22
6417019412276,OHYS2AJ1,"Manija Selector IP65 para OT16&125F, color amarilla/rojo",278
6417019412450,OHYS3AH,Manija Selector tamaño 2 amarilla/roja,17
6417019416151,OHBS12,Manija Selector tamaño 1 negra,9
6417019420998,OS30FAJ12P,Seccionador Portafusible 30A para Fusible Americano Tipo J,1
6417019467986,OS32GD12P,OS32GD12P - 1SCA114581R1001,77
6417019516837,OTM80F3CMA230V,"Transferencia OTM mini Motorizada 80A, de seccionadores 0+0,",13
6417019544762,OTDC250E11P,OTDC250E11P - 1SCA123702R1001,1
6417019602332,OHF1C4,Manija especial,1
662019160719,1SNA892461R1500,polarizado p/ colocar en riel DIN,27
662019287171,1SNA290488R0100,"BJ 612-10 Jumper bar, 10 poles, for R600",78
6943747170770,1TNE968903R0203,TA571-SIM Digital input simulator,1
7320500202128,1SFA616070R1134,"KL70-113L Módulo torreta, azul",4
7320500202135,1SFA616070R1138,"KL70-113C Módulo torreta, claro",10
7320500202173,1SFA616070R3224,LIGHT ELEMENT#KL70-322L,3
7320500202227,1SFA616070R1234,LIGHT ELEMENT#KL70-123L,10
7320500202258,1SFA616070R3022,KL70-302 G LUZ PERMA,4
7320500202272,1SFA616070R3024,LIGHT ELEMENT#KL70-302L,11
7320500202623,1SFA616077R1013,KA70-1013 Base para tubo,106
7320500202630,1SFA616077R1021,KA70-1021 Tubo,4
7320500202739,1SFA616080R1232,KSB-123G Faro de señalización,3
7320500202746,1SFA616080R1233,KSB-123Y Faro de señalización,7
7320500202784,1SFA616080R2032,KSB-203G Faro de señalización,8
7320500202791,1SFA616080R2033,KSB-203Y Faro de señalización,8
7320500202876,1SFA616080R3063,KSB-306Y Faro de señalización,49
7320500204221,1SFA616950R1001,KTR1-1001 Transformador,3
7320500207819,1SFN155110R8406,OPERATING COIL#ZA300#110V 50Hz,2
7320500215319,1SFN165110R1000,ARC CHUTES#ZW300,28
7320500222256,1SFN086104R1000,INTERCONN. BAR#BES750-30,4
7320500227220,1SFN076107R1000,TERMINAL ENLARG#LW750,10
7320500239384,1SFA616070R3068,KL70-306C Módulo torreta,10
7320500240823,1SFA619100R1025,CP1-10W-20 Botón pulsador,50
7320500242896,1SFA619102R1022,CP3-10G-20 Botón pulsador,67
7320500260975,1SFA611100R1001,MP1-10R Botón pulsador rojo,35
7320500260982,1SFA611100R1002,MP1-10G Botón pulsador verde,49
7320500266724,1SFA611101R1103,MP2-11Y Botón pulsador,11
7320500268049,1SFA611102R1104,MP3-11L Botón pulsador azul,46
7320500274866,1SFA611124R1001,MPM1-10R Botón pulsador tipo Hongo rojo,9
7320500276693,1SFA611130R1106,MPD1-11B Botón doble rojo-verde,140
7320500283295,1SFA611200R1001,M2SS1-10R Switch selector,2
7320500283325,1SFA611200R1101,M2SS1-11R Switch selector rojo,37
7320500290019,1SFA611204R1001,M2SS5-10R Switch selector,7
7320500290033,1SFA611204R1007,M2SS5-10U Switch selector,10
7320500294581,1SFA611211R1006,M3SS2-10B Switch selector negro 3 pos,70
7320500296974,1SFA611213R1001,M3SS4-10R Switch selector,34
7320500296998,1SFA611213R1007,M3SS4-10U Switch selector,7
7320500301562,1SFA611221R1006,M2SSV2-10B Switch selector,180
7320500306161,1SFA611400R1002,ML1-100G Luz piloto verde,36
7320500306178,1SFA611400R1003,ML1-100Y Luz piloto amarillo,178
7320500307021,1SFA611510R1001,MPMT3-10R Paro de emergencia,6
7320500308233,1SFA611301R1006,MTS2-10B Switch selector Toggle,9
7320500308837,1SFA619552R1071,CE4K1-10R-11 Paro de emergencia,72
7320500375693,1SFA611701R6006,MJS1-60B Botón Joystick,18
7320500375730,1SFA611705R6006,MJS5-60B Botón Joystick,33
7320500375747,1SFA611706R6006,MJS6-60B Botón Joystick,4
7320500375754,1SFA611707R6006,MJS7-60B Joystick,48
7320500375761,1SFA611708R6006,MJS8-60B Joystick,30
7320500375792,1SFA611711R6006,MJS11-60B Joystick,81
7320500375808,1SFA611712R6006,MJS12-60B Joystick,24
7320500376409,1SFA619126R1072,CPM3-10G-11 Botón hongo-pulsador verde,9
7320500376416,1SFA619126R1073,CPM3-10Y-11 Botón hongo-pulsador amarillo,5
7320500400609,1SFA897102R7000,SOFTSTARTER PSE25-600-70,7
7320500400623,1SFA897104R7000,SOFTSTARTER PSE37-600-70,1
7320500400630,1SFA897105R7000,SOFTSTARTER PSE45-600-70,2
7320500400647,1SFA897106R7000,SOFTSTARTER PSE60-600-70,3
7320500475652,1SFA619403R5133,CL2-513Y new Luz piloto compacta amarillo LED 110-130 Vca,6
7320500480779,1SFN085813R1000,Connection bars#BEY370-4,4
7320503748876,1SFA616070R3421,KL70-342R Módulo torreta Intermitente rojo  115 Vca,1
7320503749248,1SFA616070R3428,KL70-342C Módulo torreta,4
7320503749620,1SFA616070R3524,KL70-352L Módulo torreta Intermitente azul 230 Vca,11
7320503749798,1SFA616070R3528,KL70-352C Módulo torreta,6
7392696310246,2CMA131024R1000,Medidor digital de potencia LCD 7 Digitos 3F ODIN OD4165,2
7392696424004,2CMA142400R1000,BW225DP - 2CMA142400R1000,31
7392696424080,2CMA142408R1000,BW340TPN - 2CMA142408R1000,9
7392696665261,2CMA166526R1000,Ind. P&S#432P7W,10
7392696668002,2CMA166800R1000,CLAVIJA AEREA ESTETICA 3P+N+T 63A 480V,19
7392696668309,2CMA166830R1000,CLAVIJA AEREA ESTETICA 3P+N+T 125A 480V,5
7392696669849,2CMA166984R1000,BASE EMP/INCLINADA ESTETICA 3P+N+T 32A 480V,9
7392696671439,2CMA167143R1000,BASE EMP/INCLINADA ESTETICA 3P+N+T 125A 480V,9
7392696674669,2CMA167466R1000,BASE EMP/INCLINADA ESTETICA 3P+N+T 63A 480V,17
7392696705547,2CMA170554R1000,A41 111 - 100,5
7392696808194,2CMA180819R1000,KWH METER#DAB 11000,2
7612270303625,2CCF008944R0001,S503-K8,16
7612270303632,2CCF008945R0001,S503-K11,16
782856878247,564800,TFPBC800X450 TRENCILLA FLEXIBLE 2000AMPS,3
785901904649,9070T100D1,TRANSFORMADOR DE CONTROL 100 VA 277-120V CAT.9070T100D1,12
8000126102956,1SL1931A00,Cerradura con Llave MISTRAL65,11
8000126103281,1SL1929A00,Cubremódulos 12M MISTRAL65,20
8000126124941,LS12494,BARRA 2(3X16+8X10)2( CAT.  LS12494 ABB,4
8000126128581,M128580000,Juego Fijación a Muro,36
8000126128802,M128800000,Borne N+T 2x16 + 3x25,17
8000126210347,1SL2033A00,ESTETICA IP40 18M,1
8000126213737,1SL2080A00,"Puerta Opaca EUROPA IP40, 24M",5
8000126218107,1SL0340A00,Cerradura Con Llave GEMINI,10
8000126218343,1SL0351A00,Conjunto Anticondensación,6
8000126219661,1SL0296A00,Platina 150 mm Tamaño 1,3
8000126219692,1SL0297A00,Platina 150 mm Tamaño 2 y 3,43
8012542041351,2CSM204135R1341,Tw1 Twilight Switch 2-100 Lux,1
8012542088653,2CSS245101R0164,SN201 L-C16,24
8012542088752,2CSS245101R0204,SN201L-C20,30
8012542091950,2CSS255101R0164,SN201 C16,32
8012542092254,2CSS255101R0324,SN201 C32,30
8012542122951,2CSR252140R1324,DS202C C32 A30,186
8012542294917,2CSR255040R1204,DS201 C20 AC30,101
8012542296102,2CSR255040R1404,DS201 C40 AC30,97
8012542500513,GHS2830001R0804,S283-C80,7
8012542500612,GHS2830001R0824,S283-C100,12
8012542531104,2CSM512000R0201,E 252-48,24
8012542535003,2CSM413000R0211,E 257C30-24,731
8012542536901,2CSM002400R0201,AUX LATCHING 'E250 H20,159
8012542563136,2CSM256313R0621,"Interruptor Horario D2, 230 VCA",1
8012542620402,2CSM110000R1011,VLMD-1-2,2
8012542620501,2CSM320000R1011,AMTD-1,2
8012542791201,2CSB202001R1400,"DDA202 AC-40/0,03",4
8012542791300,2CSB202001R1630,"DDA202 AC-63/0,03",177
8012542792505,2CSB203001R1250,"DDA203 AC-25/0,03",93
8012542792604,2CSB203001R1400,"DDA203 AC-40/0,03",38
8012542792703,2CSB203001R1630,"DDA203 AC-63/0,03",80
8012542793908,2CSB204001R1250,"DDA204 AC-25/0,03",27
8012542851004,2CSR274101R1254,"DS204 M A-C25/0,03",14
8012542861201,2CSR252101R1404,"DS202 A-C40/0,03",75
8012542870203,2CSR252001R1404,"DS202 AC-C40/0,03",100
8012542894902,2CSF202006R3400,FH202 AC-40/300mA,41
8012542895107,2CSF204006R1250,FH204 AC-25/30mA,5
8012542895206,2CSF204006R1400,FH204 AC-40/30mA,1
8012542912309,2CSM531000R0201,E 251-32/48,18
8012542912903,2CSM532000R0201,E 252-32/48,30
8012542936008,2CSF202005R1900,F202 AC-100/30mA,1
8012542936701,2CSF204005R1800,F204 AC-80/30mA,2
8012542937203,2CSF204005R3900,F204 AC-100/300mA,2
8012542943501,2CSG213000R4051,ANR96-230,8
8012542990109,2CSR255140R1324,DS201 C32 A30,44
8012542998938,2CSG299893R4052,M2M MODBUS,8
8012823363271,7T8100002303,7T.81.0.000.2303 Termostato 1NA,13
8012823376400,226401204310,22.64.0.120.4310 Contactor Modular 4 NO (120 V DC/AC) 63 A.,20
8012823376585,226401204610,22.64.0.120.4610 Contactor Modular 2 NO+2 NC 120V DC/AC 63A,45
8012823402246,126282300000,12.62.8.230.0000 Int. Horario semanal NFC 2CC 120&230VAC 16A,9
8012823414003,781B12302403,781B FUENTE DE ALIMENTACION CON SALIDA 24VGD 5A,5
8015644001926,1SDA066282R1,Kit de Transformación para Parte Movil KIT P MP XT4 3p,4
8015644003630,1SDA066457R1,MOD Mando solenoide sobrepuesto. 24 V cd XT1-XT3,4
8015644003654,1SDA066459R1,MOD Mando solenoide sobrepuesto110&125 V ca/cd XT1-XT3,10
8015644003715,1SDA066465R1,MOE Mando de energía acumulada. 110&125 V ca/cd XT4,4
8015644004156,1SDA066636R1,FLD FRONTALE PER BLOCCHI XT2-XT4 W,1
8015644004576,1SDA066545R1,A2N 250 TMF 200-2000 2p F F,9
8015644005849,1SDA066676R1,Diafragmas separadores Tipo PB 100mm bajos H=100mm  XT1-XT3,4
8015644006884,1SDA066778R1,A2C 250 TMF 200-2000 3p F F,3
8015644010317,1SDA067124R1,RC Inst x XT1 4p F Relé diferencial,59
8015644010379,1SDA067130R1,RC Sel x XT3 4p F Relé diferencial,17
8015644010386,1SDA067131R1,RC Sel x XT4 4p F Relé diferencial,1
8015644019365,1SDA068036R1,SG.EL.Ekip M-LRIU In=160A XT4 3p,2
8015644019372,1SDA068037R1,Ekip M-LRIU In=200A XT4 3p,5
8015644025663,1SDA068654R1,MOSTRINA PER PORTA - RC XT1 F 4p,9
8015644030254,1SDA068789R1,A1N 125 TMF 15-300 2p F F,2
8015644135980,1SDA013598R1,KIT 3p F F>F FC S3-S4,2
8015644137083,1SDA013708R1,KIT3pFF>FFCS5,13
8015644137106,1SDA013710R1,KIT 3p F F>F FC CuAl S5 400,1
8015644138738,1SDA013873R1,MOTOR24VDCS3-S4-S5,1
8015644139575,1SDA013957R1,KIT FC CuAl 3x185mm2 T6 800-S6 800 8pcs,1
8015644380625,1SDA038062R1,Kit Trans Horz-Ant 3P Fijo E1,2
8015644380748,1SDA038074R1,POR DEFINIR,2
8015644382865,1SDA038286R1,YO Rele de Apertura 24Vdc,1
8015644382926,1SDA038292R1,YO Rele de Apertura 220V E1/6,6
8015644382933,1SDA038293R1,YO Rele de Apertura 250V E1/6,1
8015644383015,1SDA038301R1,YC Rele Cierre 120/127V E1/6,10
8015644383121,1SDA038312R1,YU Rele Min. Ten 220/240V E1/6,19
8015644383138,1SDA038313R1,YU Rele Min. Ten 240/250V E1/6,2
8015644383428,1SDA038342R1,Block Tablillas E1/6,1
8015644383442,1SDA038344R1,Protección llave dif IP54 E1/6,3
8015644383664,1SDA038366R1,10.2 Enclavamiento F/PF W E1-2,1
8015644383688,1SDA038368R1,10.2 Enclavamiento F/PF W E4,1
8015644517847,1SDA051363R1,CONECTORES HEMBRA-MACHO 6PIN T1...T6,4
8015644518028,1SDA051381R1,RHD T1-T2-T3 Normal Directo,42
8015644518257,1SDA051405R1,RC221/2 PER T2 4p Fijo,42
8015644518769,1SDA051456R1,Kit FC CuAl 1-95mm2 T2 6Pzas,3
8015644519001,1SDA051480R1,Kit Terminales FC Cu T3 6Pzas,1
8015644524159,1SDA051938R1,Kit Riel Din RC T3 3P-4P,1
8015644549176,1SDA053872R1,T1B 100 UL/CSA TMF25-1000 1p,4
8015644549251,1SDA053880R1,T1B 100 UL/CSA TMF100-1500 1p,7
8015644557041,1SDA054920R1,AUP-I T4-T5-T6 24 Vdc CONT.SEGN.INSERITO,2
8015644557058,1SDA054921R1,AUP-R T4-T5-T6 24 Vdc CONT.SEGN.ESTRATTO,8
8015644558703,1SDA054749R1,T5 400 P FP 3p EF,1
8015644560539,1SDA054931R1,RHE_B T4-T5 F/P BASETTA PER C.M.R. RINV.,7
8015644560584,1SDA054936R1,RHE_H T4-T5 MANIGLIA X C.M.R. RINV.,6
8015644560614,1SDA054939R1,KLF-D T4-T5 BL.CHI DIV.AP.x FRON/MAN.ROT,2
8015644560904,1SDA054951R1,MIR-P Tipo D (T5-T5) PIASTRE X INTER.MEC,2
8015644560935,1SDA054954R1,RC222/4 T4 4p F,1
8015644560959,1SDA054956R1,RC223/4 T4 250 4p F,2
8015644561321,1SDA054988R1,KIT FC CuAl 1x185mm2 T4 3pcs,1
8015644561345,1SDA054990R1,KIT FC CuAl 2x150mm2 T4 6pcs,1
8015644562991,1SDA055155R1,KIT FC CuAl 2x150mm2 T3 6pz,3
8015644566029,1SDA055363R1,Kit FC Cu 2x240mm2 T5 630 8pcs,3
8015644604547,1SDA058218R1,4to Sensor IuN=4000 E3-E6,3
8015644604813,1SDA058195R1,PR121/LSIG Rele Electron E1/6,2
8015644605438,1SDA058256R1,PR120/K (4salidas + 1entrada),9
8015644605469,1SDA058259R1,BT030-USB MOD.COM.EXT.BLUE.E1/6-T4.T8-X1,3
8015644605506,1SDA058263R1,S51+mando 24-30 V acdc E1/6,4
8015644628710,1SDA060397R1,MOE Mando Motor de Energía Acumulada 110-125Vca/cd para T6,7
8015644646554,1SDA062115R1,"M, Motor para carga de resortes: 110-130 V ca/cd para T7M-X1",1
8015644647018,1SDA062162R1,"Kit de transformación de fijo, en Parte móvil T7-T7M-X1 W 3p",1
8015644656461,1SDA063103R1,KIT EF T7-T7M-X1 3pcs,13
8015644656539,1SDA063110R1,KIT ES T7-T7M-X1 6pcs,3
8015644656706,1SDA063122R1,KIT HR T7-T7M-X1 6pcs,1
8015644656911,1SDA063143R1,HMI030 DISPLAY DA QUADRO T4..T7-X1-E1/6n,4
8015644667078,1SDA063880R1,"CABLE 60"" (OXC1L60)",1
8015644667269,1SDA063878R1,"CABLE 36""  (OXC1L36)",1
8015644671761,1SDA064321R1,KIT EF T6 1000 6pcs,4
8015644691868,1SDA066253R1,Kit FC CuAl A2 250A 2pz,1
8015644693671,1SDA066637R1,MIR-HR XT1..XT4 TELAIO INTERB.MEC.ORIZ,5
8015644694357,1SDA066779R1,A2C 250 TMF 225-2250 3p F F,1
8015644696290,1SDA068197R1,XT4 P FP 3p HR,3
8015644697396,1SDA069053R1,"RHD Mando giratorio Normal directo, para XT2 y XT4",15
8015644776435,1SDA073710R1,"M, Motor Carga de resortes, E1.2 100-130 Vac/dc",21
8015644776442,1SDA073711R1,"M, Motor Carga de resortes, E1.2 220-250 Vac/dc",4
8015644776572,1SDA073724R1,"M, Motor Carga de resortes, E2.2-E6.2 100-130 Vac/dc",16
8015644776695,1SDA073736R1,"Sensor de corriente Neutro externo, 4p, E1.2 y E2.2-2000A",3
8015644776718,1SDA073738R1,"Sensor de corriente Neutro externo, 4to polo, E4.2 - 3200 A",4
8015644776770,1SDA073744R1,YR 24 Vdc E1.2,1
8015644776831,1SDA073750R1,AUX 4Q 400V E1.2,2
8015644776893,1SDA073756R1,AUX 6Q 400V E2.2-E6.2,1
8015644776978,1SDA073764R1,"AUP 5 Contactos lado Izquierdo E2.2...E6.2, hasta 400Vac",5
8015644777104,1SDA073777R1,S51 24V E1.2,4
8015644777135,1SDA073780R1,MOC E1.2 Cuentamaniobras,2
8015644777562,1SDA073829R1,KLP-S Pos.lock N.20005 E1.2 2key,6
8015644778262,1SDA073893R1,Support fixed circuit breakerType A E1.2,4
8015644778279,1SDA073894R1,Support fixed Type A E1.2 floor mounted,5
8015644779221,1SDA073989R1,"Kit terminales HR/VR E1.2F 3Pz, suministro suelto",3
8015644781163,1SDA074183R1,Ekip Synchrocheck E1.2...E6.2,4
8015644781248,1SDA074191R1,Ekip Measuring Pro E6.2,2
8015644781279,1SDA074194R1,Ekip Dip LIE1.2..E6.2,2
8015646016706,AD1014,K Kit de unión,2
8015646027993,PS2720,"2instrum.panel72x72200x600(hxl)M,K",4
8015646035400,AD1036,20 TUERCAS EN JAULA M6,16
8015646035417,AD1037,4 SOP.METAL CAN.HOR.,131
8015646035622,GD6002,L Riel DIN 600mm,82
8015646035677,IP3060,K Marco Horiz.600mm 2pz,10
8015646035684,IP3080,K Marco Horiz.800mm 2px,20
8015646039507,PB1601,K Portabarra perf.line.1600A,35
8015646042675,PC2400,K Panel ciego 200x400mm,10
8015646600912,AD1070,EXTEND.ZINCPLATE+TRACK2200X1000MM(HXW),6
8015646602428,PM3648,"PANEL 2X24=48 MODULOS 300X600MM, M, K",9
8015646602442,GD6008,L Riel DIN 2filas 600mm,6
8015646602459,GD6009,L Riel DIN 2filas 800mm,44
8015646604156,GD6010,L Riel DIN reforzado 600mm,4
8015646604163,GD8010,L Riel DIN reforzado 800mm,3
8015646605740,PM2312,"PAN.MOD.24M?D,1FILATMAX DIF.,300X600",44
8015646609700,ED3066,UfixL Conexiones N 100A 10pz,181
8015646609823,ED3090,UfixL Cablealim.4P100A600mm,73
8015646609861,ED3058,UfixL Conexiones L3100A 10pz,202
8015646609885,ED3041,UfixL Conexiones L2 100A 10pz,165
8015646609939,ED2977,UfixL Barra Alim.36 mod.100A,58
8015646610126,ED3272,UfixL Conexión L1N 40A 10pz,2
8015646610164,ED3298,Connect.L3-N40AforS9..Nonright(10pcs),2
8015646610188,ED3280,Connect.L2-N40AforS9..Nonright(10pcs),2
8015646612694,ED2308,UfixH Base XT3 L2 Sup.250A,13
8015646615084,PM1500,L Panel modular 150x600mm,15
8015646615268,LK3001,L Kit T3 V 300x600mm,2
8015646615497,PC1150,L Panel ciego 150x600mm,2
8015646615886,PC2401,L Panel ciego 200x400mm,5
8015646616142,MC1400,L Cierre Lat.1400X200 2pz,24
8015646616326,PC4401,L Panel ciego 400x300mm,81
8015646616784,ZL1000,L Angulos zoclo 2pz,40
8015646616807,ZL1001,L Tapa Zoclo 600mm 2pz,2
8015646616821,ZL2001,L Tapa Zoclo 300mm 2pz,56
8015646616845,ZL3000,L Tapa Zoclo unión 100mm,41
8015646617002,AL1000,L argollas elevación 4pz,69
8015646617019,AL2000,L orejas fijac.pared 2pz,23
8015646617033,GD1520,UfixL Riel DIN 600mm,101
8015646618863,BP0630,K Portabarra plana 250-630A,17
8015646618900,BP0634,K Portabarra flat escalado 630A,24
8015646631893,LK3004,L Kit T3+ Diff H 300x600mm,5
8015646671226,LK4003,L Kit T4 H 200x600mm,5
8015646680549,EA2115,IS2 Refuerzo de platina,7
8015646681836,ZD8010,K 4Zoclo&angulos 800x900mm,1
8015646690388,EV1008,CAJA CIERRE DE PUERTAS,6
8015646707352,PC0580,L Panel ciego 50x800mm,5
8015646718358,CD4040,PLATINE SRE 400X400,2
8015646720290,ZD1050,K Tapa zoclo 500mm 2pz,2
8015646720306,ZD1070,K Tapa zoclo 700mm 2pz,1
8015646720313,ZD1090,K Tapa zoclo 900mm 2pz,1
8015646747266,EN0105K,IS2 Rejilla&filtro 105x105mm,10
8015646747273,EN0150K,IS2 Rejilla&filtro 150x150mm,5
8015646747280,EN0204K,IS2 Rejilla&filtro 204x204mm,1
8015646760364,LX3000,L Kit XT3 H 200x600mm,12
8015646760432,LX1001,L Kit XT1 V 200x600mm,24
8015646760449,LX1101,L Kit XT1 V 200x800mm,2
8015646762689,AD3307,EMBELLECEDOR XT3 3P EN PLACA DE MONTAJE,14
8015646779250,EV1001,"L?MPARA LED 3,6 W 24 V AC/DC L 342 MM",7
8015646783424,PBHB1125,"SOPORTE AISLADOR 1X10X50MM, 24UD",971
8015646783448,PBHB3121,"SOPORTE AISLADOR 3X10X100MM, 24UD",28
8015646783677,PTRS2001,"FIJACI?N DE AC. INOXIDABLE A=200MM,10 UD",14
8015646785862,PPFB8080,PANEL CIEGO H=800MM A=800MM,4
8015646785909,PPFB2010,PANEL CIEGO H=200MM A=1000MM,4
8015646785954,PPFB8010,PANEL CIEGO H=800MM A=1000MM,1
8015646788375,PEBL0004,N.4 CANC?MOS DE ELEVACI?N M?TALICO M12,14
8015646797971,PBRL0002,N.2 SOPORTES PARA ELEVACI?N STR.ADOSADAS,10
8433059020828,M7012A,TRANSFORMADOR TP-58 150/5A,3
9019040000,4008190099077,TERMINAL FERRUL WEIDMULLER CAL-18,4000
9019160000,4008190028732,TERMINAL FERRUL WEIDMULLER CAL-14,4500
9019190000,4008190141349,TERMINAL FERRUL WEIDMULLER CAL-12,3600
9019220000,4008190151607,TERMINAL FERRUL WEIDMULLER CAL-10,300
9019260000,9019260000,TERMINAL FERRUL WEIDMULLER CAL-6,300
9019340000,4008190067632,TERMINAL FERRUL WEIDMULLER CAL-1/0,101
ACS88001124A5,ACS88001124A5,DRIVE IP21; 3 phase,2
B075BTZ13JK,B075BTZ13JK,TRANSFORMADOR DE CONTROL ENCAPSULADO 75VA 480V/127V,9
B100BTZ13JK,B100BTZ13JK,TRANSFORMADOR DE CONTROL ENCAPSULADO 100VA 480V/127V,1
B250BTZ13RBF,B250BTZ13RBF,TRANSFORMADOR DE CONTROL ENCAPSULADO 250VA 480V/127V RBF,4
B300BTZ13JKF,B300BTZ13JKF,TRANSFORMADOR DE CONTROL ENCAPSULADO 300VA 480V/127V,1
FN3025HL5072,FN3025HL5072,Power Line Filters FN 3025HL 50-72,1
IDE3653,IDE3653,"CLAVIJA AEREA ESTETICA 3P+N+T 63A 440V MARCA ""IDE""",4
IDE3853,IDE3853,"BASE EMP/INCLINADA ESTETICA 3P+N+T 63A 440V MARCA ""IDE""",4
IRMPL10071NMK1,IRMPL10071NMK1,BARRIL AISLADOR 8M ONKA IRMPL1007-1NMK-1 (ROJO),120
ONKA1025,8698931210258,CLEMA 4M2/AZUL,104
ONKA1030,ONKA1030,CLEMA 4MM2 VERDE/AMARILLA,697
ONKA1040,ONKA1040,CLEMA 6MM2 VERDE/AMARILLA,653
ONKA1042,8698931210425,CLEMA/GRIS 10M2,2283
ONKA1050,ONKA1050,CLEMA 10MM2 VERDE/AMARILLA,187
ONKA1053,8698931210531,CLEMA/CREMA 6AWG,150
ONKA1054,8698931210548,CLEMA/NEGRO 6 AWG,184
ONKA1055,8698931210555,CLEMA/AZUL 6 AWG,700
ONKA1056,8698931210562,CLEMA/CAFE 6 AWG,150
ONKA1057,8698931210579,CLEMA/ROJO 6 AWG,150
ONKA1060,ONKA1060,CLEMA 16MM2 VERDE/AMARILLA,930
ONKA1064,8698931210647,CLEMA 35M2/NEGRA,85
ONKA1065,8698931210654,CLEMA 35M2/AZUL,540
ONKA1067,8698931210678,CLEMA 35M2/ROJO,89
ONKA1070,ONKA1070,CLEMA 35MM2 VERDE/AMARILLA,932
ONKA1072,8698931210722,CLEMA 50M2/GRIS,1
ONKA1073,8698931210739,CLEMA 50M2/CREMA,20
ONKA1077,8698931210777,CLEMA 50M2/ROJO,57
ONKA1092,8698931210920,CLEMA 95M2/GRIS,521
ONKA1095,8698931210951,CLEMA 95M2/AZUL,150
ONKA1100,ONKA1100,CLEMA 95MM2 VERDE/AMARILLA,79
ONKA1102,8698931211026,CLEMA/GRIS 120M2,150
ONKA1105,8698931211057,CLEMA/AZUL 120M2,150
ONKA1132,ONKA1132,MRK 16mm² SCREWED TYPE RAIL TERMINAL BLOCKS (NEW TYPE)  GREY,150
ONKA1135,ONKA1135,MRK 16mm² SCREWED TYPE RAIL TERMINAL BLOCKS (NEW TYPE)  BLUE,17
ONKA1293,8698931212931,CLEMAS DE TIERRA 4MM2,375
ONKA1294,8698931212948,CLEMAS DE TIERRA 10MM2,8913
ONKA1295,8698931212955,CLEMAS DE TIERRA 16MM2,863
ONKA1305,ONKA1305,MRK SHORTLINKS 4 POLE GROUP SET WITH DOBLE EZPULSIVE 10MM2 G,109
ONKA1322,ONKA1322,CLEMA 6MM2 PORTA FUSIBLE,571
ONKA1502,ONKA1502,OPK2.5MM2 PUSH-IN TYPE TERMINAL BLOCKS GREY,1020
ONKA1514,ONKA1514,OPK 4MM2 PUSH IN TYPE TERMINAL BLOCKS BLACK,600
ONKA1521,ONKA1521,OPK 6MM2 PUSH IN TYPE TERMINAL BLOCKS MINT GREEN,600
ONKA1522,ONKA1522,OPK 6MM^2 PUSH-IN TYPE TERMINAL BLOCKS GREY,200
ONKA1523,ONKA1523,OPK 6MM PUSH IN TYPE TERMINAL BLOCKS CREME,300
ONKA1525,ONKA1525,OPK 6MMPUSH IN TYPE TERMINAL BLOCK BLUE,290
ONKA1527,ONKA1527,OPK 6MM2 PUSH IN TYPE TERMINAL BLOCKS RED,300
ONKA1532,ONKA1532,OPK 10MM2 PUSH-IN TYPE TERMINAL BLOCKS GREY,2479
ONKA1535,ONKA1535,OPK 10MMPUSH IN TYPE TERMINAL BLOCK BLUE,784
ONKA1545,ONKA1545,OPK 16MMPUSH IN TYPE TERMINAL BLOCK,9360
ONKA1552,ONKA1552,OPK 35MM2 PUSH-IN TYPE TERMINAL BLOCKS GREY,2000
ONKA1934,ONKA1934,MRK & OPK 4/20 MM  POLE CROSS CONNECTION ORANGE,221
ONKA1939,ONKA1939,MRK 6/20 POLE CROSS CONNECTION ORANGE,220
ONKA2006,ONKA2006,"6,5x9mm²) 2/20=22 holes SLOTTED EARTH PANEL CONNECTORS",23
ONKA2303,8698931223036,CLEMA CON PERNO DE CONEXION 3AWG/CREMA,150
ONKA2323,8698931223234,CLEMA CON PERNO DE CONEXIÓN 2AWG/CREMA,185
ONKA2343,8698931223432,CLEMA CON PERNO DE CONEXIÓN 0 AWG/CREMA,200
ONKA2443,8698931224439,CLEMA CON PERNO DE CONEXIÓN 350 MCM/CREMA,24
ONKA2463,8698931224637,CLEMA CON PERNO DE CONEXCION 500 MCM/CREMA,18
ONKA3015,ONKA3015,2mm CU MONO PHASE 56 MODULES (1meter) AUTOMATE BUSBARS 100A,48
ONKA3056,ONKA3056,TAPA FINAL P/PEINE DE 3F,470
ONKA3070,ONKA3070,PEINE DE 100A 10MOD. 3F PARA INT. MINI,154
ONKA5011,ONKA5011,REGLETA DE CONECTORES 12 POLOS 2.4-4MM2,34
ONKA5013,ONKA5013,REGLETA DE CONECTORES 6-10MM2,48
ONKA5014,ONKA5014,REGLETA DE CONECTORES 10-16MM2,47
ONKA5067,8698931250674,CONECTOR PARA CONEXIÓN RÁPIDA DE 3 POLOS CON TAPA (BLANCO),1185
ONKA5182,ONKA5182,REGLETA DE TERMINANLES 6MM2/VERDE-AMARILLO,126
ONKA5411,8698931254115,CONECTOR PARA CONEXIÓN RAPIDA DE 3 POLOS (NEGRO),98
ONKA5452,8698931254528,CONECTOR PLINTON 2 POLOS 4MM2/NEGRO,173
ONKA5681,ONKA5681,CLEMA MINI/VERDE 10 GRUPOS,1420
ONKA6099,8698931260994,ZAPATAS DE OJILLO (600 MCM),19
ONKA6128,8698931261281,ZAPATAS DE OJILLO (95 MCM),27
ONKA6129,8698931261298,ZAPATAS DE OJILLO,19
ONKA6132,8698931261328,ZAPATAS DE OJILLO,4
ONKA8007,8690000358601,"INSULATED CORD END TERMINAL 0,50mm2  / 8,0",9227
ONKA8017,8690000358700,"INSULATED CORD END TERMINAL 1,5mm2  / 8,0",9000
ONKA8021,8690000358748,"INSULATED CORD END TERMINAL 2,5mm2  / 8,0",1000
ONKA8025,8690000358786,"INSULATED CORD END TERMINAL 4,0mm2  / 8,0",4800
ONKA8028,8690000358816,"INSULATED CORD END TERMINAL 6,0mm2  / 12,0",4600
ONKA8030,8690000358830,"INSULATED CORD END TERMINAL 10 mm2  / 12,0",4300
ONKA8036,8690000358892,"INSULATED CORD END TERMINAL 35 mm2  / 16,0",1351
ONKA8039,8690000358922,"INSULATED CORD END TERMINAL 50mm2  / 20,0",2050
ONKA8041,8690000358946,TERMINAL FERRUL  70MM2/21,2106
ONKA8042,8690000358953,INSULATED CORD END TERMINAL 95 MM2/25.0,2613
ONKA8055R112V,8590000359083,TERMINAL DE ANILLO TIPO AISLADO,900
ONKA8098R510V,ONKA8098R510V,"INSULATED RING TYPE TERMINALS METRIC DIMENSION 10,5",3750
ONKA8153,ONKA8153,"NON - INSULATED CORD END TERMINAL 150,0mm2 / 32,0",29
ONKA8171,8690000360215,"INSULATED TWIN CORD END TERMINAL 2 x 6,0mm2  / 14,0",471
ONKA8172,ONKA8172,"INSULATED TWIN CORD END TERMINAL 2 x 10,0mm2  / 14,0",213
ONKA8332CE5,3210000361811,CAPUCHON TRANSPARENTE 4.1MM,1000
ONKA8480,ONKA8480,CINCHO DE PLASTICO 2.5X100MM,18500
ONKA9000,8698931290007,CONECTOR GLANDULA PG-7/GRIS,338
ONKA9004,ONKA9004,CONECTOR GLANDULA PG-16/GRIS,46
ONKA9894,ONKA9894,MARCADOR PARA CABLE (NUMEROS 0) 1.50X2.50,11600
ONKA9896,ONKA9896,MARCADOR PARA CABLE (NUMERO 2) 1.50X2.50,800
ONKA9897,ONKA9897,MARCADOR PARA CABLE (NUMERO 3) 1.50X2.50,6600
ONKA9898,ONKA9898,MARCADOR PARA CABLE (NUMERO 4) 1.50X2.50,6000
ONKA9899,ONKA9899,MARCADOR PARA CABLE (NUMERO 5) 1.50X2.50,6440
ONKA9900,ONKA9900,MARCADOR PARA CABLE (NUMERO 6) 1.50X2.50,6000
ONKA9901,ONKA9901,MARCADOR PARA CABLE (NUMERO 7) 1.50X2.50,6400
ONKA9902,ONKA9902,MARCADOR PARA CABLE (NUMERO 8) 1.50X2.50,6000
ONKA9903,ONKA9903,MARCADOR PARA CABLE (NUMERO 9) 1.50X2.50,7720
ONKA9934,ONKA9934,MARCADOR PARA CABLE (SIMBOLO T ) 1.50X2.50,10260
OSCAR0020109A,0020109A,SWING HANDLE WITH PADLOCK DEVICE KYD ALIKE,196
OSCAR012V403,012V403,COMPRESSION LOCK WITHOUT CYLINDER (0-16MM),100
OSCAR022,022,CORNER WEDGE BLACK,1000
OSCAR20111112307,20111112307,Q.TURN CAM LOCK CHROME PLATED 8MM SQUARE H6 L52,193
OSCAR20112121107,20112121107,Q.TURN CAM LOCK BLACK PAINTED 5MM DB H6 L52MM,1358
OSCAR201P1107,201P1107,Q.TURN CAM LOCK POLYAMIDE 5MM DB,83
OSCAR209LKYV1,209LKYV1,DUAL ROLLER CATCHER ZINC DIE CASTING CHROME PL,1398
OSCAR2275,2275,DRAWING POCKET A4 SIZE RAL7035,50
OSCAR24710107,24710107,L HANDLE LOCK CHROME PLATED,63
OSCAR2572307,2572307,SNAP TYPE LOCK POLYAMIDE BODY ZAMAK INSERT 8MM SQUARE,248
OSCAR3001,3001,HINGE WITH SPRING,193
OSCAR31211,31211,180 DEG CORNER HINGE CHROME PLATED,400
OSCAR318V212,318V212,50*50 LEAF HINGE WITH BOLTS ZINC ALLOY BLACK PAINTED,176
OSCAR342,342,CONCEALED PANEL HINGE ZINC PLATED,167
OSCAR350V112,350V112,60*90 LEAF HINGE WITH HOLES ZINC ALLOY BLACK PAINTED,50
OSCAR354,354,CONCEALED PANEL HINGE ZINC PLATED,192
OSCAR4022,4022,CABINET GASKETING RUBBER,4
OSCAR607,607,INSULATOR 3X1F,200
OSCAR701V15,701V15,150*150 VENTILATION FILTER RAL7035,200
S201-B20,2CDS251103R0205,S201-B20 NA,5
TE5/32CAL12/10,TE5/32CAL12/10,TERMINALespada5/32CAL12/10,153